<?xml version="1.0" encoding="UTF-8" standalone="yes"?>
<wfInfo xmlns="http://www.w3schools.com">
    <process startAt="1444045420000" workflowName="PrepaidSale">
        <actionStatus terminatedAt="1444116580000">
            <actionName>InvoiceIssuance</actionName>
            <actor name="Joseph Fumagai">
                <role>Accountingman</role>
            </actor>
        </actionStatus>
        <actionStatus terminatedAt="1444281640000">
            <actionName>PaymentReception</actionName>
            <actor name="Eva Chemin">
                <role>Accountingman</role>
            </actor>
        </actionStatus>
        <actionStatus>
            <actionName>GoodsDelivery</actionName>
        </actionStatus>
    </process>
    <process startAt="1444183300000" workflowName="PrepaidSale">
        <actionStatus terminatedAt="1444186060000">
            <actionName>InvoiceIssuance</actionName>
            <actor name="Sonia Lanfra">
                <role>Accountingman</role>
            </actor>
        </actionStatus>
        <actionStatus terminatedAt="1444237900000">
            <actionName>PaymentReception</actionName>
            <actor name="Joseph Fumagai">
                <role>Accountingman</role>
            </actor>
        </actionStatus>
        <actionStatus>
            <actionName>GoodsDelivery</actionName>
            <actor name="Joseph Bianchi">
                <role>Warehouseman</role>
            </actor>
        </actionStatus>
    </process>
    <process startAt="1444354900000" workflowName="NormalSale">
        <actionStatus terminatedAt="1444399540000">
            <actionName>GoodsDelivery</actionName>
            <actor name="Andrea Romani">
                <role>Warehouseman</role>
            </actor>
        </actionStatus>
        <actionStatus terminatedAt="1444533100000">
            <actionName>InvoiceIssuance</actionName>
            <actor name="Joseph Fumagai">
                <role>Accountingman</role>
            </actor>
        </actionStatus>
        <actionStatus terminatedAt="1444661320000">
            <actionName>PaymentReception</actionName>
            <actor name="Eva Chemin">
                <role>Accountingman</role>
            </actor>
        </actionStatus>
    </process>
    <workflow name="NormalSale">
        <action automInst="true" name="InvoiceIssuance" type="simple">
            <followingActions>
                <actionName>PaymentReception</actionName>
            </followingActions>
            <role>Accountingman</role>
        </action>
        <action automInst="true" name="GoodsDelivery" type="simple">
            <role>Warehouseman</role>
        </action>
        <action automInst="false" name="PaymentReception" type="simple">
            <role>Accountingman</role>
        </action>
    </workflow>
    <workflow name="ArticleProduction">
        <action automInst="false" name="Revising" type="simple">
            <followingActions>
                <actionName>Checking</actionName>
            </followingActions>
            <role>Journalist</role>
        </action>
        <action automInst="true" name="Writing" type="simple">
            <followingActions>
                <actionName>Checking</actionName>
            </followingActions>
            <role>Journalist</role>
        </action>
        <action automInst="false" name="Publication" type="simple">
            <role>Editor</role>
        </action>
        <action automInst="false" name="Checking" type="simple">
            <followingActions>
                <actionName>Revising</actionName>
                <actionName>Publication</actionName>
            </followingActions>
            <role>Editor</role>
        </action>
    </workflow>
    <workflow name="PrepaidSale">
        <action automInst="false" name="PaymentReception" type="simple">
            <followingActions>
                <actionName>GoodsDelivery</actionName>
            </followingActions>
            <role>Accountingman</role>
        </action>
        <action automInst="false" name="GoodsDelivery" type="simple">
            <role>Warehouseman</role>
        </action>
        <action automInst="true" name="InvoiceIssuance" type="simple">
            <followingActions>
                <actionName>PaymentReception</actionName>
            </followingActions>
            <role>Accountingman</role>
        </action>
    </workflow>
    <workflow name="SaleManagement">
        <action automInst="true" name="AcceptOrder" type="simple">
            <followingActions>
                <actionName>PrepaidSale</actionName>
                <actionName>NormalSale</actionName>
            </followingActions>
            <role>Salesman</role>
        </action>
        <action automInst="false" name="PrepaidSale" type="process">
            <nestedWorkflow>PrepaidSale</nestedWorkflow>
            <role>SalesManager</role>
        </action>
        <action automInst="false" name="NormalSale" type="process">
            <nestedWorkflow>NormalSale</nestedWorkflow>
            <role>SalesManager</role>
        </action>
    </workflow>
</wfInfo>
